Latitude,Longitude,Elevation,Name
45.979631889184105,7.816233274829011,2.723303955078125,N01
45.97963648386888,7.816513795412906,2.730081787109375,N02
45.979638369796774,7.816752176739104,2.731982666015625,N03
45.97962813631976,7.816941134543284,2.733756591796875,N04
45.9795160129172,7.816918730833123,2.734854248046875,N05
45.97953703258776,7.816656287766823,2.736493896484375,N06
45.979503519663794,7.816498534325714,2.730293212890625,N07
45.979473958766384,7.8162202611638385,2.7328330078125,N08
45.97933599263986,7.816226966686376,2.737701171875,N09
45.97924446225723,7.816527290277012,2.73834326171875,N10
45.97924978476606,7.816767096526751,2.721995361328125,N11
45.97924442034803,7.8171020373774835,2.716156494140625,N12
45.97907174861879,7.816961384579391,2.7353984375,N13
45.9791034806455,7.816767029304737,2.732230224609375,N14
45.97907883585089,7.816584873951802,2.736498046875,N15
45.97909790468059,7.816278096295722,2.75230517578125,N17
45.97951842476239,7.8158651199264595,2.73334423828125,N18
45.97932945475571,7.815860761336811,2.7419118652343747,N19
45.979232559955044,7.815747689463026,2.747588134765625,N20
45.97893684949585,7.815880670662684,2.7527641601562502,N21
45.978904450355074,7.816196540377863,2.7511904296875,N22
45.978814554443886,7.81642494723929,2.7506706542968747,N23
45.97877842844089,7.816836833961137,2.7597312011718752,N24
45.97879447978579,7.81707295217348,2.75394384765625,N25
45.978786181701324,7.8173196315838185,2.74998974609375,N26
45.97911550667693,7.817288283265957,2.7462338867187503,N27
45.979276564946694,7.817285098142752,2.7483745117187503,N28
45.97954771951429,7.8172957431597805,2.742469482421875,N29
45.979631889184105,7.816233274829011,2.723303955078125,D0379
45.9796322426214,7.816254853335464,2.7238253267728365,D0381
45.979632596058686,7.816276431841918,2.724346698467548,D0382
45.97963294949598,7.816298010348371,2.7248680701622603,D0384
45.979633302933266,7.816319588854824,2.7253894418569713,D0386
45.97963365637056,7.816341167361278,2.7259108135516827,D0387
45.979634009807846,7.816362745867732,2.726432185246394,D0389
45.97963436324514,7.816384324374185,2.726953556941106,D0390
45.979634716682426,7.816405902880638,2.7274749286358175,D0392
45.97963507011972,7.816427481387092,2.727996300330529,D0394
45.979635423557006,7.816449059893546,2.72851767202524,D0395
45.9796357769943,7.8164706383999984,2.7290390437199523,D0397
45.97963613043159,7.816492216906452,2.7295604154146638,D0398
45.97963648386888,7.816513795412906,2.730081787109375,D0400
45.979636628940256,7.816532132437998,2.730228008563702,D0402
45.97963677401163,7.81655046946309,2.730374230018029,D0403
45.979636919083006,7.816568806488182,2.730520451472356,D0405
45.97963706415439,7.816587143513274,2.7306666729266826,D0406
45.97963720922576,7.8166054805383665,2.73081289438101,D0408
45.97963735429714,7.816623817563459,2.7309591158353363,D0410
45.979637499368515,7.816642154588552,2.7311053372896636,D0411
45.97963764443989,7.816660491613644,2.73125155874399,D0413
45.979637789511266,7.816678828638736,2.7313977801983174,D0414
45.97963793458265,7.816697165663828,2.731544001652644,D0416
45.97963807965402,7.81671550268892,2.731690223106971,D0418
45.9796382247254,7.816733839714012,2.731836444561298,D0419
45.979638369796774,7.816752176739104,2.731982666015625,D0421
45.979636323101374,7.816789968299941,2.7323374511718748,D0422
45.97963427640597,7.816827759860776,2.732692236328125,D0424
45.97963222971057,7.816865551421612,2.7330470214843747,D0426
45.97963018301516,7.816903342982448,2.733401806640625,D0427
45.97962813631976,7.816941134543284,2.733756591796875,D0429
45.97961567816392,7.816938645242155,2.733878553602431,D0430
45.97960322000808,7.816936155941026,2.7340005154079865,D0432
45.97959076185224,7.816933666639897,2.7341224772135417,D0434
45.9795783036964,7.816931177338768,2.734244439019097,D0435
45.97956584554056,7.816928688037639,2.7343664008246527,D0437
45.97955338738472,7.81692619873651,2.7344883626302083,D0438
45.97954092922888,7.816923709435381,2.7346103244357636,D0440
45.97952847107304,7.816921220134252,2.7347322862413193,D0442
45.9795160129172,7.816918730833123,2.734854248046875,D0443
45.979517923796344,7.816894872372551,2.7350033069957385,D0445
45.979519834675486,7.816871013911977,2.7351523659446024,D0446
45.97952174555463,7.816847155451405,2.735301424893466,D0448
45.97952365643377,7.816823296990832,2.7354504838423295,D0450
45.97952556731291,7.81679943853026,2.735599542791193,D0451
45.97952747819205,7.816775580069686,2.735748601740057,D0453
45.97952938907119,7.816751721609114,2.7358976606889205,D0454
45.97953129995033,7.816727863148541,2.736046719637784,D0456
45.97953321082947,7.816704004687969,2.7361957785866475,D0458
45.979535121708615,7.816680146227395,2.7363448375355115,D0459
45.97953703258776,7.816656287766823,2.736493896484375,D0461
45.979533985958305,7.816641946544904,2.7359301979758524,D0462
45.97953093932885,7.816627605322985,2.7353664994673297,D0464
45.9795278926994,7.816613264101066,2.734802800958807,D0466
45.97952484606995,7.816598922879146,2.734239102450284,D0467
45.9795217994405,7.816584581657228,2.7336754039417617,D0469
45.97951875281105,7.816570240435309,2.7331117054332386,D0470
45.9795157061816,7.81655589921339,2.732548006924716,D0472
45.97951265955215,7.816541557991471,2.731984308416193,D0474
45.9795096129227,7.816527216769551,2.7314206099076705,D0475
45.979506566293246,7.816512875547633,2.7308569113991474,D0477
45.979503519663794,7.816498534325714,2.730293212890625,D0478
45.97950167210771,7.816481142253096,2.7304519500732423,D0480
45.97949982455162,7.816463750180479,2.7306106872558593,D0482
45.97949797699553,7.8164463581078625,2.730769424438477,D0483
45.97949612943944,7.816428966035245,2.730928161621094,D0485
45.979494281883355,7.816411573962627,2.731086898803711,D0486
45.97949243432726,7.816394181890011,2.731245635986328,D0488
45.97949058677118,7.816376789817394,2.7314043731689455,D0490
45.979488739215086,7.816359397744776,2.7315631103515625,D0491
45.979486891659,7.816342005672158,2.7317218475341796,D0493
45.979485044102915,7.816324613599542,2.731880584716797,D0494
45.97948319654682,7.816307221526925,2.732039321899414,D0496
45.97948134899074,7.816289829454307,2.732198059082031,D0498
45.979479501434646,7.81627243738169,2.7323567962646482,D0499
45.97947765387856,7.816255045309073,2.7325155334472657,D0501
45.97947580632247,7.816237653236456,2.7326742706298828,D0502
45.979473958766384,7.8162202611638385,2.7328330078125,D0504
45.979464761024616,7.816220708198674,2.7331575520833336,D0506
45.97945556328285,7.81622115523351,2.7334820963541664,D0507
45.97944636554108,7.816221602268346,2.733806640625,D0509
45.97943716779931,7.816222049303182,2.7341311848958334,D0510
45.97942797005754,7.816222496338018,2.7344557291666667,D0512
45.979418772315775,7.816222943372853,2.7347802734375,D0514
45.97940957457401,7.816223390407689,2.7351048177083337,D0515
45.97940037683224,7.816223837442525,2.7354293619791665,D0517
45.97939117909047,7.816224284477361,2.73575390625,D0518
45.9793819813487,7.816224731512197,2.7360784505208335,D0520
45.979372783606934,7.816225178547032,2.7364029947916664,D0522
45.979363585865165,7.816225625581868,2.7367275390625,D0523
45.9793543881234,7.816226072616704,2.7370520833333334,D0525
45.97934519038163,7.81622651965154,2.7373766276041667,D0526
45.97933599263986,7.816226966686376,2.737701171875,D0528
45.97932945475539,7.816248418371421,2.7377470354352678,D0530
45.97932291687091,7.816269870056467,2.7377928989955356,D0531
45.97931637898644,7.816291321741512,2.737838762555803,D0533
45.979309841101966,7.816312773426557,2.7378846261160716,D0534
45.97930330321749,7.816334225111603,2.737930489676339,D0536
45.97929676533302,7.816355676796649,2.7379763532366073,D0538
45.979290227448544,7.816377128481694,2.738022216796875,D0539
45.97928368956407,7.816398580166739,2.7380680803571424,D0541
45.9792771516796,7.816420031851785,2.7381139439174107,D0542
45.97927061379512,7.81644148353683,2.7381598074776785,D0544
45.97926407591065,7.8164629352218755,2.7382056710379468,D0546
45.979257538026175,7.816484386906921,2.738251534598214,D0547
45.9792510001417,7.816505838591967,2.7382973981584824,D0549
45.97924446225723,7.816527290277012,2.73834326171875,D0550
45.97924487168098,7.816545736911607,2.737085730919471,D0552
45.97924528110474,7.816564183546203,2.7358282001201926,D0554
45.979245690528494,7.816582630180798,2.7345706693209135,D0555
45.979246099952256,7.8166010768153935,2.733313138521635,D0557
45.97924650937601,7.8166195234499884,2.732055607722356,D0558
45.97924691879977,7.816637970084583,2.7307980769230773,D0560
45.97924732822352,7.816656416719179,2.729540546123798,D0562
45.97924773764728,7.816674863353774,2.7282830153245192,D0563
45.97924814707103,7.816693309988369,2.7270254845252397,D0565
45.979248556494795,7.816711756622965,2.7257679537259616,D0566
45.97924896591855,7.81673020325756,2.7245104229266826,D0568
45.979249375342306,7.816748649892156,2.723252892127404,D0570
45.97924978476606,7.816767096526751,2.721995361328125,D0571
45.979249337731225,7.816795008264312,2.7215087890625,D0573
45.97924889069639,7.816822920001873,2.721022216796875,D0574
45.979248443661554,7.816850831739433,2.72053564453125,D0576
45.97924799662672,7.816878743476995,2.720049072265625,D0578
45.97924754959188,7.816906655214556,2.7195625,D0579
45.979247102557046,7.816934566952117,2.719075927734375,D0581
45.97924665552221,7.816962478689678,2.71858935546875,D0582
45.979246208487375,7.81699039042724,2.718102783203125,D0584
45.97924576145254,7.8170183021648,2.7176162109375,D0586
45.9792453144177,7.817046213902361,2.717129638671875,D0587
45.97924486738287,7.817074125639922,2.71664306640625,D0589
45.97924442034803,7.8171020373774835,2.716156494140625,D0590
45.97923208665309,7.817091990749049,2.717530918666295,D0592
45.97921975295814,7.817081944120613,2.718905343191964,D0594
45.9792074192632,7.817071897492178,2.720279767717634,D0595
45.97919508556825,7.817061850863743,2.721654192243303,D0597
45.9791827518733,7.817051804235308,2.7230286167689735,D0598
45.97917041817835,7.817041757606872,2.7244030412946425,D0600
45.97915808448341,7.817031710978437,2.7257774658203124,D0602
45.97914575078847,7.817021664350002,2.7271518903459824,D0603
45.97913341709352,7.817011617721566,2.728526314871652,D0605
45.979121083398574,7.817001571093131,2.7299007393973214,D0606
45.97910874970363,7.816991524464696,2.731275163922991,D0608
45.97909641600869,7.816981477836261,2.732649588448661,D0610
45.97908408231374,7.816971431207826,2.7340240129743303,D0611
45.97907174861879,7.816961384579391,2.7353984375,D0613
45.979076281765465,7.816933619540154,2.734945835658482,D0614
45.97908081491214,7.816905854500918,2.734493233816964,D0616
45.97908534805881,7.816878089461682,2.7340406319754464,D0618
45.97908988120548,7.816850324422446,2.7335880301339284,D0619
45.979094414352154,7.816822559383209,2.7331354282924107,D0621
45.97909894749883,7.816794794343973,2.7326828264508927,D0622
45.9791034806455,7.816767029304737,2.732230224609375,D0624
45.97909731944685,7.816721490466503,2.7332971801757813,D0626
45.979091158248195,7.81667595162827,2.7343641357421875,D0627
45.97908499704954,7.816630412790036,2.7354310913085937,D0629
45.97907883585089,7.816584873951802,2.736498046875,D0630
45.97907963038546,7.816572091549466,2.7371566772460936,D0632
45.979080424920035,7.816559309147129,2.7378153076171876,D0634
45.979081219454606,7.816546526744792,2.738473937988281,D0635
45.97908201398918,7.816533744342456,2.739132568359375,D0637
45.97908280852375,7.816520961940119,2.739791198730469,D0638
45.97908360305832,7.816508179537782,2.7404498291015624,D0640
45.979084397592885,7.816495397135445,2.7411084594726556,D0642
45.97908519212746,7.816482614733109,2.74176708984375,D0643
45.97908598666203,7.816469832330772,2.742425720214844,D0645
45.9790867811966,7.816457049928435,2.7430843505859377,D0646
45.97908757573117,7.816444267526099,2.7437429809570313,D0648
45.97908837026574,7.816431485123762,2.744401611328125,D0650
45.979089164800314,7.816418702721426,2.745060241699219,D0651
45.979089959334885,7.816405920319089,2.7457188720703125,D0653
45.97909075386946,7.816393137916752,2.746377502441406,D0654
45.97909154840403,7.816380355514416,2.7470361328125,D0656
45.9790923429386,7.816367573112079,2.7476947631835937,D0658
45.97909313747317,7.816354790709742,2.7483533935546873,D0659
45.979093932007736,7.816342008307405,2.7490120239257814,D0661
45.97909472654231,7.8163292259050685,2.749670654296875,D0662
45.97909552107688,7.816316443502732,2.7503292846679686,D0664
45.97909631561145,7.816303661100395,2.7509879150390626,D0666
45.97909711014602,7.816290878698059,2.7516465454101557,D0667
45.97909790468059,7.816278096295722,2.75230517578125,D0669
45.97911491096339,7.816274444180768,2.7512620326450894,D0670
45.9791319172462,7.816270792065816,2.7502188895089286,D0672
45.97914892352901,7.816267139950862,2.7491757463727677,D0674
45.97916592981181,7.816263487835909,2.7481326032366074,D0675
45.97918293609462,7.816259835720955,2.7470894601004465,D0677
45.97919994237742,7.816256183606003,2.7460463169642857,D0678
45.97921694866023,7.816252531491049,2.745003173828125,D0680
45.979233954943034,7.816248879376095,2.743960030691964,D0682
45.97925096122584,7.816245227261143,2.742916887555803,D0683
45.97926796750864,7.816241575146189,2.741873744419643,D0685
45.97928497379144,7.8162379230312355,2.7408306012834824,D0686
45.979301980074254,7.816234270916282,2.7397874581473216,D0688
45.97931898635706,7.816230618801329,2.738744315011161,D0690
45.97933599263986,7.816226966686376,2.737701171875,D0691
45.979345847363184,7.81622648772048,2.7373534458705358,D0693
45.97935570208651,7.816226008754585,2.7370057198660716,D0694
45.97936555680983,7.81622552978869,2.7366579938616074,D0696
45.979375411533155,7.816225050822793,2.7363102678571427,D0698
45.97938526625648,7.816224571856898,2.7359625418526785,D0699
45.9793951209798,7.816224092891003,2.7356148158482143,D0701
45.979404975703126,7.816223613925107,2.73526708984375,D0702
45.97941483042644,7.816223134959212,2.734919363839286,D0704
45.979424685149766,7.816222655993316,2.7345716378348217,D0706
45.97943453987309,7.816222177027421,2.7342239118303575,D0707
45.97944439459641,7.816221698061525,2.733876185825893,D0709
45.97945424931974,7.816221219095629,2.7335284598214282,D0710
45.97946410404306,7.816220740129734,2.733180733816964,D0712
45.979473958766384,7.8162202611638385,2.7328330078125,D0714
45.97948975180816,7.816221562530355,2.7318801025390624,D0715
45.97950554484993,7.816222863896873,2.730927197265625,D0717
45.9795213378917,7.816224165263391,2.729974291992187,D0718
45.97953713093347,7.816225466629907,2.72902138671875,D0720
45.97955292397525,7.816226767996424,2.7280684814453124,D0722
45.97956871701702,7.816228069362942,2.727115576171875,D0723
45.979584510058785,7.8162293707294594,2.7261626708984377,D0725
45.97960030310056,7.816230672095976,2.725209765625,D0726
45.97961609614234,7.816231973462493,2.7242568603515624,D0728
45.979631889184105,7.816233274829011,2.723303955078125,D0730
45.97963219549642,7.81625197620127,2.723755810546875,D0731
45.979632501808744,7.81627067757353,2.7242076660156247,D0733
45.97963280812106,7.81628937894579,2.724659521484375,D0734
45.979633114433376,7.816308080318049,2.7251113769531248,D0736
45.9796334207457,7.816326781690309,2.725563232421875,D0738
45.979633727058015,7.816345483062569,2.7260150878906253,D0739
45.97963403337033,7.816364184434828,2.726466943359375,D0741
45.979634339682654,7.816382885807088,2.726918798828125,D0742
45.97963464599497,7.816401587179348,2.727370654296875,D0744
45.979634952307286,7.816420288551607,2.727822509765625,D0746
45.97963525861961,7.816438989923867,2.728274365234375,D0747
45.979635564931925,7.816457691296127,2.728726220703125,D0749
45.97963587124424,7.816476392668387,2.729178076171875,D0750
45.97963617755656,7.816495094040646,2.7296299316406247,D0752
45.97963648386888,7.816513795412906,2.730081787109375,D0754
45.979626255853105,7.816512621483122,2.73009805063101,D0755
45.97961602783733,7.816511447553338,2.7301143141526443,D0757
45.97960579982155,7.816510273623554,2.730130577674279,D0758
45.979595571805774,7.81650909969377,2.7301468411959138,D0760
45.97958534379,7.816507925763986,2.730163104717548,D0762
45.979575115774225,7.8165067518342015,2.730179368239183,D0763
45.97956488775845,7.816505577904418,2.7301956317608176,D0765
45.979554659742675,7.816504403974633,2.7302118952824523,D0766
45.9795444317269,7.81650323004485,2.7302281588040866,D0768
45.97953420371112,7.816502056115065,2.7302444223257214,D0770
45.97952397569534,7.816500882185282,2.730260685847356,D0771
45.97951374767957,7.816499708255497,2.7302769493689905,D0773
45.979503519663794,7.816498534325714,2.730293212890625,D0774
45.97948501556333,7.816500588322235,2.730868216378348,D0776
45.97946651146285,7.816502642318756,2.7314432198660716,D0778
45.979448007362386,7.816504696315278,2.7320182233537946,D0779
45.97942950326192,7.816506750311799,2.7325932268415176,D0781
45.97941099916145,7.81650880430832,2.733168230329241,D0782
45.97939249506098,7.8165108583048415,2.733743233816964,D0784
45.97937399096051,7.816512912301363,2.7343182373046875,D0786
45.97935548686005,7.816514966297884,2.734893240792411,D0787
45.97933698275957,7.816517020294405,2.735468244280134,D0789
45.9793184786591,7.816519074290927,2.7360432477678573,D0790
45.97929997455864,7.816521128287448,2.7366182512555803,D0792
45.97928147045817,7.816523182283969,2.737193254743303,D0794
45.979262966357695,7.816525236280491,2.7377682582310268,D0795
45.97924446225723,7.816527290277012,2.73834326171875,D0797
45.97923526079021,7.816530489370056,2.738240749782986,D0798
45.97922605932319,7.8165336884631,2.738138237847222,D0800
45.97921685785617,7.816536887556143,2.7380357259114585,D0802
45.97920765638915,7.816540086649187,2.7379332139756944,D0803
45.979198454922134,7.816543285742232,2.737830702039931,D0805
45.97918925345512,7.816546484835276,2.7377281901041663,D0806
45.979180051988095,7.81654968392832,2.7376256781684027,D0808
45.97917085052108,7.816552883021363,2.7375231662326387,D0810
45.97916164905406,7.816556082114407,2.737420654296875,D0811
45.97915244758704,7.816559281207451,2.7373181423611115,D0813
45.979143246120024,7.816562480300495,2.737215630425347,D0814
45.979134044653,7.816565679393539,2.7371131184895834,D0816
45.979124843185986,7.816568878486582,2.7370106065538193,D0818
45.97911564171897,7.816572077579627,2.7369080946180557,D0819
45.97910644025195,7.816575276672671,2.7368055826822917,D0821
45.97909723878493,7.816578475765715,2.7367030707465276,D0822
45.97908803731791,7.816581674858758,2.7366005588107636,D0824
45.97907883585089,7.816584873951802,2.736498046875,D0826
45.979083764809815,7.816621305022389,2.735644482421875,D0827
45.97908869376874,7.816657736092976,2.7347909179687497,D0829
45.97909362272765,7.816694167163563,2.7339373535156253,D0830
45.979098551686576,7.81673059823415,2.7330837890625,D0832
45.9791034806455,7.816767029304737,2.732230224609375,D0834
45.979110795851525,7.816767032665838,2.7317184814453124,D0835
45.97911811105755,7.816767036026938,2.73120673828125,D0837
45.979125426263586,7.816767039388039,2.7306949951171875,D0838
45.97913274146961,7.81676704274914,2.730183251953125,D0840
45.97914005667564,7.81676704611024,2.7296715087890626,D0842
45.979147371881666,7.816767049471341,2.729159765625,D0843
45.97915468708769,7.816767052832442,2.7286480224609377,D0845
45.97916200229373,7.816767056193543,2.7281362792968746,D0846
45.97916931749975,7.8167670595546435,2.7276245361328124,D0848
45.97917663270578,7.816767062915744,2.72711279296875,D0850
45.97918394791181,7.816767066276844,2.7266010498046875,D0851
45.97919126311783,7.816767069637945,2.7260893066406253,D0853
45.97919857832387,7.816767072999045,2.725577563476562,D0854
45.979205893529894,7.816767076360146,2.7250658203125,D0856
45.97921320873592,7.816767079721247,2.7245540771484373,D0858
45.97922052394195,7.816767083082348,2.724042333984375,D0859
45.979227839147974,7.816767086443448,2.723530590820313,D0861
45.97923515435401,7.816767089804549,2.72301884765625,D0862
45.979242469560035,7.81676709316565,2.7225071044921876,D0864
45.97924978476606,7.816767096526751,2.721995361328125,D0866
45.979273722084535,7.816757862463423,2.723203572591146,D0867
45.97929765940301,7.816748628400096,2.7244117838541664,D0869
45.97932159672148,7.816739394336769,2.7256199951171873,D0870
45.97934553403996,7.816730160273441,2.7268282063802083,D0872
45.97936947135843,7.816720926210114,2.728036417643229,D0874
45.97939340867691,7.816711692146787,2.72924462890625,D0875
45.97941734599539,7.816702458083459,2.730452840169271,D0877
45.97944128331386,7.816693224020132,2.7316610514322917,D0878
45.979465220632335,7.816683989956805,2.7328692626953126,D0880
45.97948915795081,7.816674755893477,2.7340774739583336,D0882
45.97951309526928,7.81666552183015,2.735285685221354,D0883
45.97953703258776,7.816656287766823,2.736493896484375,D0885
45.97954829227765,7.8166669420970765,2.7359926486545136,D0886
45.97955955196754,7.81667759642733,2.7354914008246527,D0888
45.97957081165743,7.816688250757584,2.7349901529947913,D0890
45.97958207134732,7.816698905087837,2.734488905164931,D0891
45.97959333103721,7.81670955941809,2.7339876573350694,D0893
45.9796045907271,7.816720213748344,2.7334864095052085,D0894
45.97961585041699,7.816730868078597,2.732985161675347,D0896
45.97962711010688,7.816741522408851,2.732483913845486,D0898
45.979638369796774,7.816752176739104,2.731982666015625,D0899
45.97963790463873,7.816760765730203,2.732063299005682,D0901
45.97963743948068,7.816769354721303,2.7321439319957386,D0902
45.97963697432264,7.816777943712402,2.7322245649857955,D0904
45.97963650916459,7.8167865327035,2.7323051979758524,D0906
45.97963604400655,7.8167951216946,2.732385830965909,D0907
45.979635578848495,7.816803710685699,2.732466463955966,D0909
45.97963511369045,7.816812299676798,2.7325470969460226,D0910
45.9796346485324,7.816820888667897,2.7326277299360795,D0912
45.97963418337436,7.816829477658996,2.7327083629261364,D0914
45.97963371821631,7.816838066650095,2.732788995916193,D0915
45.97963325305827,7.816846655641195,2.73286962890625,D0917
45.97963278790022,7.816855244632293,2.732950261896307,D0918
45.97963232274218,7.816863833623392,2.7330308948863635,D0920
45.97963185758413,7.816872422614491,2.7331115278764204,D0922
45.979631392426086,7.816881011605591,2.7331921608664773,D0923
45.97963092726804,7.8168896005966895,2.733272793856534,D0925
45.97963046210999,7.816898189587788,2.733353426846591,D0926
45.97962999695194,7.816906778578888,2.7334340598366476,D0928
45.9796295317939,7.816915367569987,2.7335146928267045,D0930
45.97962906663585,7.816923956561085,2.7335953258167613,D0931
45.979628601477806,7.816932545552185,2.733675958806818,D0933
45.97962813631976,7.816941134543284,2.733756591796875,D0934
45.97961951144264,7.816939411180964,2.7338410268930287,D0936
45.97961088656552,7.816937687818644,2.7339254619891826,D0938
45.9796022616884,7.816935964456324,2.7340098970853366,D0939
45.97959363681128,7.816934241094004,2.73409433218149,D0941
45.97958501193416,7.816932517731684,2.734178767277644,D0942
45.97957638705704,7.816930794369363,2.734263202373798,D0944
45.97956776217992,7.816929071007044,2.734347637469952,D0946
45.9795591373028,7.816927347644723,2.734432072566106,D0947
45.97955051242568,7.816925624282403,2.7345165076622604,D0949
45.97954188754856,7.8169239009200835,2.7346009427584135,D0950
45.97953326267144,7.816922177557763,2.7346853778545674,D0952
45.97952463779432,7.816920454195444,2.734769812950721,D0954
45.9795160129172,7.816918730833123,2.734854248046875,D0955
45.97950420454463,7.816926700682877,2.734041302224864,D0957
45.979492396172056,7.816934670532633,2.7332283564028534,D0958
45.979480587799486,7.816942640382387,2.7324154105808427,D0960
45.97946877942691,7.816950610232142,2.7316024647588315,D0962
45.97945697105434,7.816958580081897,2.7307895189368203,D0963
45.97944516268176,7.816966549931652,2.72997657311481,D0965
45.979433354309194,7.8169745197814064,2.729163627292799,D0966
45.979421545936624,7.816982489631162,2.728350681470788,D0968
45.97940973756405,7.816990459480916,2.727537735648777,D0970
45.97939792919148,7.816998429330671,2.7267247898267666,D0971
45.9793861208189,7.817006399180426,2.7259118440047554,D0973
45.97937431244633,7.817014369030181,2.7250988981827446,D0974
45.979362504073755,7.817022338879935,2.7242859523607335,D0976
45.979350695701186,7.817030308729691,2.723473006538723,D0978
45.97933888732861,7.817038278579445,2.722660060716712,D0979
45.97932707895604,7.8170462484292,2.721847114894701,D0981
45.97931527058347,7.817054218278955,2.72103416907269,D0982
45.97930346221089,7.81706218812871,2.7202212232506793,D0984
45.97929165383832,7.817070157978464,2.7194082774286685,D0986
45.97927984546575,7.8170781278282195,2.7185953316066573,D0987
45.97926803709318,7.817086097677974,2.7177823857846466,D0989
45.9792562287206,7.817094067527729,2.716969439962636,D0990
45.97924442034803,7.8171020373774835,2.716156494140625,D0992
45.97923208665309,7.817091990749049,2.717530918666295,D0994
45.97921975295814,7.817081944120613,2.718905343191964,D0995
45.9792074192632,7.817071897492178,2.720279767717634,D0997
45.97919508556825,7.817061850863743,2.721654192243303,D0998
45.9791827518733,7.817051804235308,2.7230286167689735,D1000
45.97917041817835,7.817041757606872,2.7244030412946425,D1002
45.97915808448341,7.817031710978437,2.7257774658203124,D1003
45.97914575078847,7.817021664350002,2.7271518903459824,D1005
45.97913341709352,7.817011617721566,2.728526314871652,D1006
45.979121083398574,7.817001571093131,2.7299007393973214,D1008
45.97910874970363,7.816991524464696,2.731275163922991,D1010
45.97909641600869,7.816981477836261,2.732649588448661,D1011
45.97908408231374,7.816971431207826,2.7340240129743303,D1013
45.979019576980825,7.817024519610072,2.74539306640625,D1014
